year,month,day,date,zone,mean,max,min,sum,std,var,count,majority
2025,1,4,202514,801,32.06869125,40.6908493,21.10901451,183689.4688,2.848028898,8.111268997,5728,32.57646942
2025,1,28,2025128,801,35.17061615,44.48826981,27.16916275,201457.2813,2.434583426,5.927196503,5728,37.79920578
2025,2,5,202525,801,35.19272995,44.74462128,26.83078003,201583.9531,2.54591918,6.481704235,5728,33.24640274
2025,2,21,2025221,801,36.35822296,46.00928879,28.08177567,208259.9063,2.474469662,6.123000622,5728,37.43006134
2025,3,1,202531,801,39.55679703,51.46445084,30.51540565,226581.3438,3.025963068,9.156452179,5728,39.60391998
2025,4,10,2025410,801,39.27201843,50.11774826,30.61794472,224950.125,2.771561623,7.681553364,5728,39.41592789
2025,5,12,2025512,801,46.77600098,57.88349152,35.65610886,267932.9375,3.636373043,13.22320843,5728,49.42389297
2025,6,29,2025629,801,37.01641464,47.40726089,22.86245728,212030.0156,3.184829235,10.14313698,5728,38.16493225
2025,7,15,2025715,801,38.33299255,47.81400299,28.75170708,219571.375,3.43762064,11.81723595,5728,39.35440445
2025,7,23,2025723,801,39.26659393,49.35894775,28.20482254,224919.0469,3.629858971,13.17587662,5728,40.77630234
2025,7,31,2025731,801,38.1892395,49.94001389,18.02937889,217793.2344,4.56352663,20.82577324,5703,39.85001755
2025,9,1,202591,801,40.3148613,51.71396637,28.56371498,230923.5313,3.579440117,12.81239128,5728,37.21130753
2025,11,20,20251120,801,34.72066116,44.60448456,26.03437996,198879.9375,2.977852821,8.867607117,5728,35.90220642
2025,11,28,20251128,801,33.63275909,42.81002426,25.55927658,192648.4375,2.664426088,7.099165916,5728,34.12825394
2025,12,14,20251214,801,34.38310623,44.6762619,26.3932724,196946.4375,2.760015488,7.617685318,5728,34.04963684
2025,12,22,20251222,801,32.78322983,41.98627853,25.51484108,187782.3438,2.383691072,5.681983471,5728,33.89582825
2025,1,4,202514,802,28.93076134,39.46378326,21.46106911,137912.9375,3.05072093,9.306898117,4767,26.48555946
2025,1,28,2025128,802,32.02174759,41.95893478,25.81562805,152647.6719,2.893210649,8.370668411,4767,29.66431808
2025,2,5,202525,802,31.9025135,42.50923538,25.51142311,152079.2813,3.075030804,9.455814362,4767,29.32593346
2025,2,21,2025221,802,33.18831253,44.33104324,26.36934662,158208.6875,3.092350245,9.562630653,4767,30.00953865
2025,3,1,202531,802,35.5308876,49.80329132,27.76731682,169375.75,3.583635569,12.84244347,4767,32.04667664
2025,4,10,2025410,802,35.8067894,47.95756149,27.53489113,170690.9688,3.404213905,11.58867168,4767,32.52178192
2025,5,12,2025512,802,41.38330078,54.97475433,32.91485596,197274.1875,4.548986435,20.69327736,4767,35.76548386
2025,6,29,2025629,802,32.43393707,44.49510574,18.5454998,154612.5781,3.821321487,14.6024971,4767,29.97877502
2025,7,15,2025715,802,33.70155334,46.04688644,26.79318047,160655.2969,3.965918303,15.728508,4767,29.33618736
2025,7,23,2025723,802,34.30846024,46.4707222,26.88204956,163548.4375,4.051087379,16.4113102,4767,33.11651993
2025,7,31,2025731,802,32.52632523,45.27441406,18.01228714,146856.3594,5.965116024,35.58261108,4515,26.93331909
2025,9,1,202591,802,35.08108521,49.17095947,26.57784653,167231.5313,4.272067547,18.25056076,4767,31.53055763
2025,11,20,20251120,802,30.94270515,42.52974701,25.22089195,147503.875,3.254678726,10.59293365,4767,27.89378357
2025,11,28,20251128,802,30.323349,40.42082596,24.38347626,144551.4063,2.97457695,8.848107338,4767,27.30930138
2025,12,14,20251214,802,30.9949131,42.16059875,25.27899742,147752.75,2.939684629,8.641745567,4767,28.30736351
2025,12,22,20251222,802,29.79696274,39.46720123,24.10661697,142042.125,2.723453999,7.417201042,4767,26.88204956
2025,1,4,202514,1001,32.67249298,39.17666626,23.25211334,66031.10938,2.569094896,6.600248337,2021,33.26007462
2025,1,28,2025128,1001,35.19416809,42.24946594,25.80879211,71127.41406,2.509540796,6.297794819,2021,34.032547
2025,2,5,202525,1001,35.41371155,41.96577072,25.3917923,71571.10938,2.619524717,6.861910343,2021,35.38266373
2025,2,21,2025221,1001,36.27653503,42.43404007,26.99142647,73314.875,2.542818785,6.465927601,2021,36.35338211
2025,3,1,202531,1001,39.03635406,46.92873764,28.7277813,78892.46875,2.845730543,8.098181725,2021,38.98867798
2025,4,10,2025410,1001,39.86975861,47.28079224,28.97729683,80576.78125,2.948190689,8.691827774,2021,38.94765854
2025,5,12,2025512,1001,47.18606186,54.74233246,34.05647278,95363.03125,3.55112958,12.61052132,2021,45.9751091
2025,6,29,2025629,1001,36.80121231,43.68503571,26.65304184,74375.25,2.919864416,8.525608063,2021,35.54673004
2025,7,15,2025715,1001,39.50280762,47.98832321,28.47484779,79835.17188,3.468061924,12.02745342,2021,39.77482224
2025,7,23,2025723,1001,39.87991714,48.12504578,28.4406662,80597.3125,3.29612875,10.86446476,2021,38.91347885
2025,7,31,2025731,1001,39.61466599,48.59331131,20.35704994,80061.24219,3.712050438,13.77931786,2021,41.23431396
2025,9,1,202591,1001,40.22100067,47.33547974,28.03734016,81286.64063,3.27486968,10.7247715,2021,39.10488892
2025,11,20,20251120,1001,35.32282257,42.90914536,24.85516357,71387.42188,2.911281109,8.475558281,2021,36.37730789
2025,11,28,20251128,1001,34.04859543,42.28023148,24.34246063,68812.21094,2.860631704,8.183214188,2021,33.72834396
2025,12,14,20251214,1001,34.68125153,42.29390335,24.85858154,70090.8125,2.777909517,7.716780663,2021,35.32455826
2025,12,22,20251222,1001,32.48495483,38.28798294,24.21599388,65652.09375,2.256338596,5.091063499,2021,32.88751221
2025,1,4,202514,1002,28.25824356,37.23865128,20.64074516,75816.86719,3.275426388,10.72841835,2683,24.3903141
2025,1,28,2025128,1002,30.83101654,40.55071259,24.20232201,82719.61719,3.202147961,10.2537508,2683,26.92990112
2025,2,5,202525,1002,30.6740799,40.30803299,23.95622444,82298.55469,3.46696806,12.01986694,2683,26.75900078
2025,2,21,2025221,1002,31.65077782,40.66350555,24.92010689,84919.03906,3.397816181,11.54515457,2683,27.62034225
2025,3,1,202531,1002,33.82686615,44.02000046,26.71114922,90757.48438,3.669409037,13.46456242,2683,30.19411087
2025,4,10,2025410,1002,34.48725128,45.171875,21.71058464,92529.29688,4.180910587,17.4800148,2683,29.82154655
2025,5,12,2025512,1002,40.19192123,53.19396591,31.88261223,107834.9219,4.961628437,24.61775589,2683,34.43929291
2025,6,29,2025629,1002,31.30146027,41.16595459,18.81210518,83981.82031,3.785490036,14.32993507,2683,28.48168373
2025,7,15,2025715,1002,33.40881348,45.42822647,26.61202621,89635.84375,4.354689121,18.96331787,2683,29.85914421
2025,7,23,2025723,1002,33.74966049,45.47266006,22.87613106,90550.33594,4.318164825,18.64654732,2683,28.90893555
2025,7,31,2025731,1002,32.5573082,44.78221893,18.30282021,86407.09375,5.627727032,31.67131233,2654,29.48999977
2025,9,1,202591,1002,33.79153061,44.90868759,25.69941521,90662.67188,4.43442297,19.66410637,2683,29.26099205
2025,11,20,20251120,1002,30.42285538,40.87542343,23.85368347,81624.52344,3.478108168,12.09723568,2683,27.96898079
2025,11,28,20251128,1002,29.47862053,39.1835022,22.85220337,79091.14063,3.40000701,11.5600481,2683,25.37812042
2025,12,14,20251214,1002,30.15744972,39.77482224,24.1920681,80912.4375,3.183661699,10.13570118,2683,29.6950798
2025,12,22,20251222,1002,28.42233467,37.05407715,22.57192612,76257.125,2.878118038,8.283563614,2683,25.96260262
